id,Latitude,Longitude,Identification,SQLE,TERB MIC,Sample site,Year
Tri_1,51.49791,-0.119671,T. indotineae,"Phe397Leu, Thr448Ala",1,"Skin, buttock",2018
Tri_10,51.49791,-0.119671,T. indotineae,"Phe397Leu, Thr448Ala",2,"Skin, groin",2021
Tri_100,28.632429,77.218788,T. indotineae,"Phe397Leu, Thr448Ala",8,"Skin, abdomen",2022
Tri_101,28.632429,77.218788,T. indotineae,Thr448Ala,0.06,"Skin, face/trunk",2022
Tri_102,28.632429,77.218788,T. indotineae,Wildtype,0.06,"Skin, groin",2022
Tri_103,28.632429,77.218788,T. indotineae,Thr448Ala,0.06,"Skin, groin/trunk",2021
Tri_104,28.632429,77.218788,T. indotineae,Wildtype,0.06,"Skin, groin",2022
Tri_105,28.632429,77.218788,T. indotineae,Wildtype,0.5,"Skin, trunk",2014
Tri_106,28.632429,77.218788,T. indotineae,"Phe397Leu, Thr448Ala",1,"Skin, groin",2015
Tri_107,28.632429,77.218788,T. indotineae,Thr448Ala,>16,"Skin, groin",2015
Tri_108,28.632429,77.218788,T. indotineae,"Leu393Ser, Thr448Ala",>16,"Skin, trunk",2015
Tri_109,28.632429,77.218788,T. indotineae,"Phe397Leu, Thr448Ala",16,"Skin, abdomen",2015
Tri_11,51.49791,-0.119671,T. indotineae,"Phe397Leu, Thr448Ala",2,"Skin, buttock",2021
Tri_110,28.632429,77.218788,T. indotineae,"Phe397Leu, Thr448Ala",>16,"Skin, trunk",2016
Tri_111,28.632429,77.218788,T. indotineae,Wildtype,>16,"Skin, groin",2016
Tri_112,28.632429,77.218788,T. indotineae,Wildtype,>16,"Skin, groin",2016
Tri_113,28.632429,77.218788,T. indotineae,Wildtype,>16,"Skin, groin",2016
Tri_114,28.632429,77.218788,T. indotineae,"Phe397Leu, Thr448Ala",>16,"Skin, unknown",2016
Tri_115,28.632429,77.218788,T. indotineae,"Leu393Phe, Thr448Ala",>16,"Skin, abdomen",2016
Tri_116,28.632429,77.218788,T. indotineae,Wildtype,1,"Skin, groin",2016
Tri_117,28.632429,77.218788,T. indotineae,Wildtype,>16,"Skin, trunk/groin",2016
Tri_118,28.632429,77.218788,T. indotineae,Wildtype,>16,"Skin, trunk",2016
Tri_119,28.632429,77.218788,T. indotineae,"Phe397Leu, Thr448Ala",1,"Skin, groin",2016
Tri_12,51.49791,-0.119671,T. indotineae,"Phe397Leu, Tyr414Leu, Thr448Ala",4,"Skin, axilla",2021
Tri_120,28.632429,77.218788,T. indotineae,"Phe397Leu, Thr448Ala",>16,"Skin, groin",2016
Tri_121,28.632429,77.218788,T. indotineae,Thr448Ala,>16,"Skin, groin",2016
Tri_122,28.632429,77.218788,T. indotineae,Wildtype,1,"Skin, groin",2016
Tri_123,28.632429,77.218788,T. indotineae,"Phe397Leu, Thr448Ala",>16,"Skin, groin",2016
Tri_124,35.682281,139.907623,T. indotineae type strain,Phe397Leu,>16,Skin,2019
Tri_13,51.49791,-0.119671,T. indotineae,Phe397Leu,8,"Skin, thigh",2021
Tri_14,51.50868,-0.12389,T. indotineae,Thr448Ala,0.125,"Skin, buttock",2019
Tri_15,51.50868,-0.12389,T. indotineae,Wildtype,<0.03,"Skin, groin",2019
Tri_16,51.50868,-0.12389,T. indotineae,Wildtype,0.06,"Skin, groin",2020
Tri_17,51.50868,-0.12389,T. indotineae,"Leu393Ser, Thr448Ala",2,"Skin, groin",2020
Tri_18,51.54368,-0.16973,T. mentagrophytes,0,<0.03,"Skin, face",2021
Tri_19,53.79969,-1.5491,T. indotineae,Phe397Leu,2,"Skin, back",2021
Tri_2,51.49791,-0.119671,T. interdigitale,0,0.125,"Skin, unknown",2019
Tri_20,51.56218,-0.17643,T. indotineae,"Phe397Leu, Thr448Ala",2,"Skin, unknown",2021
Tri_21,43.684021,-79.759048,T. indotineae,"Phe397Leu, Thr448Ala",2,"Skin, buttock",2021
Tri_22,43.589046,-79.644119,T. indotineae,"Phe397Leu, Thr448Ala",2,"Skin, buttock",2021
Tri_23,43.684021,-79.759048,T. indotineae,"Phe397Leu, Thr448Ala",2,"Skin, unknown",2021
Tri_24,43.684021,-79.759048,T. indotineae,Thr448Ala,<0.03,"Skin, hands",2021
Tri_25,43.684021,-79.759048,T. indotineae,"Phe397Leu, Thr448Ala",2,"Skin, buttock",2021
Tri_26,43.589046,-79.644119,T. indotineae,"Ser443Pro, Thr448Ala",0.06,"Skin, thigh",2021
Tri_27,43.684021,-79.759048,T. indotineae,"Phe397Leu, Thr448Ala",2,"Skin, back",2021
Tri_28,43.653225,-79.383186,T. indotineae,Wildtype,<0.03,"Skin, back",2021
Tri_29,43.589046,-79.644119,T. indotineae,Thr448Ala,<0.03,"Skin, leg",2021
Tri_3,51.49791,-0.119671,T. indotineae,"Phe397Leu, Thr448Ala",4,"Skin, groin",2019
Tri_30,43.653225,-79.383186,T. indotineae,Phe397Leu,2,"Skin, neck",2021
Tri_31,43.589046,-79.644119,T. indotineae,"Phe397Leu, Thr448Ala",2,"Skin, abdomen",2021
Tri_32,43.684021,-79.759048,T. indotineae,"Phe397Leu, Thr448Ala",2,"Skin, unknown",2021
Tri_33,43.647171,-79.911003,T. indotineae,"Phe397Leu, Thr448Ala",1,"Skin, thigh",2021
Tri_34,43.684021,-79.759048,T. indotineae,Thr448Ala,0.06,"Skin, buttock",2021
Tri_35,43.684021,-79.759048,T. indotineae,"Phe397Leu, Thr448Ala",2,"Skin, pubic area",2021
Tri_37,43.653225,-79.383186,T. indotineae,Thr448Ala,0.06,"Skin, buttock",2021
Tri_39,53.79969,-1.5491,T. interdigitale,0,1,Nail,2021
Tri_4,51.49791,-0.119671,T. interdigitale,0,8,"Skin, arm",2019
Tri_40,53.79969,-1.5491,T. indotineae,Phe397Leu,2,"Skin, unknown",2021
Tri_41,51.49791,-0.119671,T. indotineae,"Phe397Leu, Thr448Ala",16,"Skin, unknown",2021
Tri_42,51.49791,-0.119671,T. indotineae,"Phe397Leu, Thr448Ala",8,"Skin, arm",2021
Tri_43,51.753738,-1.26346,T. indotineae,"Phe397Leu, Thr448Ala",4,"Skin, groin",2021
Tri_44,51.513828,-0.07265,T. indotineae,Wildtype,0.125,"Skin, unknown",2021
Tri_46,51.513828,-0.07265,T. indotineae,"Phe397Leu, Thr448Ala",4,"Skin, unknown",2021
Tri_47,53.349804,-6.26031,T. indotineae,"Phe397Leu, Thr448Ala",4,"Skin, leg",2021
Tri_48,51.513828,-0.07265,T. indotineae,"Leu393Ser, Thr448Ala",1,"Skin, torso",2021
Tri_49,51.54368,-0.16973,T. indotineae,Wildtype,<0.03,"Skin, buttock",2022
Tri_5,51.49791,-0.119671,T. indotineae,"Phe397Leu, Thr448Ala",>16,"Skin, back",2019
Tri_52,48.83891,2.43517,T. indotineae,"Phe397Leu, Thr448Ala",4,"Skin, groin",2021
Tri_53,48.83891,2.43517,T. indotineae,"Phe397Leu, Thr448Ala",4,"Skin, groin",2018
Tri_54,48.83891,2.43517,T. indotineae,"Phe397Leu, Thr448Ala",4,"Skin, thigh",2019
Tri_56,48.83891,2.43517,T. indotineae,Wildtype,<0.03,"Skin, arm",2018
Tri_57,48.83891,2.43517,T. indotineae,Wildtype,0.03,"Skin, groin",2019
Tri_58,48.83891,2.43517,T. indotineae,"Phe397Leu, Thr448Ala",16,"Skin, arm",2021
Tri_59,48.83891,2.43517,T. indotineae,Wildtype,0.03,"Skin, groin",2020
Tri_6,51.49791,-0.119671,T. indotineae,"Phe397Leu, Thr448Ala",4,"Skin, torso",2019
Tri_61,48.83891,2.43517,T. indotineae,"Phe397Leu, Thr448Ala",16,"Skin, thigh",2021
Tri_63,48.83891,2.43517,T. indotineae,Thr448Ala,0.125,"Skin, groin",2021
Tri_64,48.83891,2.43517,T. indotineae,"Phe397Leu, Thr448Ala",16,"Skin, thigh",2021
Tri_66,48.83891,2.43517,T. indotineae,"Leu393Ser, Thr448Ala",16,"Skin, trunk",2021
Tri_67,48.83891,2.43517,T. indotineae,Thr448Ala,0.03,"Skin, groin",2021
Tri_68,48.83891,2.43517,T. indotineae,Thr448Ala,0.03,"Skin, thigh",2021
Tri_69,48.83891,2.43517,T. indotineae,Wildtype,0.03,"Skin, buttock",2021
Tri_7,51.49791,-0.119671,T. indotineae,"Phe397Leu, Thr448Ala",8,Skin. Arm,2020
Tri_70,48.83891,2.43517,T. indotineae,"Phe397Leu, Thr448Ala",16,"Skin, groin",2021
Tri_71,48.83891,2.43517,T. indotineae,Wildtype,0.06,"Skin, trunk",2022
Tri_73,48.83891,2.43517,T. indotineae,Wildtype,0.06,"Skin, trunk",2022
Tri_74,48.83891,2.43517,T. indotineae,Wildtype,0.03,"Skin, buttock",2022
Tri_77,48.83891,2.43517,T. indotineae,Thr448Ala,2,"Skin, groin",2022
Tri_78,48.83891,2.43517,T. indotineae,Wildtype,<0.03,"Skin, axilla",2022
Tri_8,51.49791,-0.119671,T. indotineae,"Phe397Leu, Thr448Ala",2,"Skin, leg/foot",2020
Tri_80,48.83891,2.43517,T. mentagrophytes,Lys276Asp,0.03,"Skin, face",2018
Tri_84,48.83891,2.43517,T. mentagrophytes,0,<0.03,"Skin, buttock",2022
Tri_85,48.83891,2.43517,T. mentagrophytes,0,<0.03,"Skin, pubic area",2022
Tri_9,51.49791,-0.119671,T. indotineae,"Phe397Leu, Thr448Ala",2,"Skin, buttock",2020
Tri_94,31.63166,76.402199,T. interdigitale,0,0.125,"Skin, face",2022
Tri_96,31.63166,76.402199,T. indotineae,"Phe397Leu, Thr448Ala",4,"Skin, chest",2022
Tri_98,31.63166,76.402199,T. indotineae,Wildtype,0.25,"Skin, neck",2022
Tri_99,31.63166,76.402199,T. indotineae,Wildtype,0.03,Nail,2022